{"cameraMode":{"drawMode":0,"name":"Shaded","section":"Shading Mode"},"sceneLighting":true,"audioPlay":false,"sceneViewState":{"showFog":true,"showMaterialUpdate":false,"showSkybox":true,"showFlares":true,"showImageEffects":true,"showParticleSystems":true},"in2DMode":false,"pivot":{"x":6.991807460784912,"y":3.496945381164551,"z":32.92311096191406},"rotation":{"x":-0.05398159474134445,"y":0.10524602234363556,"z":-0.005719416309148073,"w":-0.9929635524749756},"size":56.93125534057617,"orthographic":false}