{"cameraMode":{"drawMode":0,"name":"Shaded","section":"Shading Mode"},"sceneLighting":true,"audioPlay":false,"sceneViewState":{"showFog":true,"showMaterialUpdate":false,"showSkybox":true,"showFlares":true,"showImageEffects":true,"showParticleSystems":true},"in2DMode":false,"pivot":{"x":-5.150779724121094,"y":-3.7459001541137697,"z":24.63646125793457},"rotation":{"x":-0.49296215176582339,"y":0.28625085949897768,"z":-0.17581993341445924,"w":-0.8025809526443481},"size":25.382551193237306,"orthographic":false}