{"cameraMode":{"drawMode":0,"name":"Shaded","section":"Shading Mode"},"sceneLighting":true,"audioPlay":false,"sceneViewState":{"showFog":true,"showMaterialUpdate":false,"showSkybox":true,"showFlares":true,"showImageEffects":false,"showParticleSystems":true},"in2DMode":false,"pivot":{"x":-3.134650230407715,"y":-1.7284374237060547,"z":27.165802001953126},"rotation":{"x":0.5070891976356506,"y":0.49269285798072817,"z":-0.48884451389312746,"w":0.5110238194465637},"size":17.121294021606447,"orthographic":false}