{"cameraMode":{"drawMode":0,"name":"Shaded","section":"Shading Mode"},"sceneLighting":true,"audioPlay":false,"sceneViewState":{"showFog":true,"showMaterialUpdate":false,"showSkybox":true,"showFlares":true,"showImageEffects":true,"showParticleSystems":true},"in2DMode":false,"pivot":{"x":-2.5627970695495607,"y":-5.995391845703125,"z":27.400161743164064},"rotation":{"x":-0.28488120436668398,"y":0.18036003410816194,"z":-0.054669611155986789,"w":-0.939853310585022},"size":33.269874572753909,"orthographic":false}