{"cameraMode":{"drawMode":0,"name":"Shaded","section":"Shading Mode"},"sceneLighting":false,"audioPlay":false,"sceneViewState":{"showFog":true,"showMaterialUpdate":false,"showSkybox":false,"showFlares":true,"showImageEffects":true,"showParticleSystems":true},"in2DMode":false,"pivot":{"x":-74.27685546875,"y":1.2040048837661744,"z":-573.8118286132813},"rotation":{"x":-0.21367301046848298,"y":-0.245486319065094,"z":0.05551551654934883,"w":-0.9439271688461304},"size":7.72109317779541,"orthographic":false}